# The ASF licenses this file to You under the Apache License, Version 2.0
# (the "License"); you may not use this file except in compliance with
# the License.  You may obtain a copy of the License at
#
#     http://www.apache.org/licenses/LICENSE-2.0
#
# Unless required by applicable law or agreed to in writing, software
# distributed under the License is distributed on an "AS IS" BASIS,
# WITHOUT WARRANTIES OR CONDITIONS OF ANY KIND, either express or implied.
# See the License for the specific language governing permissions and
# limitations under the License.

#-----------------------------------------------------------------------


# Some synonym groups specific to this example
GB,gib,gigabyte,gigabytes
MB,mib,megabyte,megabytes
Television, Televisions, TV, TVs
#notice we use "gib" instead of "GiB" so any WordDelimiterGraphFilter coming
#after us won't split it into two words.

# Synonym mappings can be used for spelling correction too
pixima => pixma


# Crawler specific synonyms
Research Design Service,RDS

# synonyms
soton,southampton
UCL,university college london
soas,school of african and oriental studies
leics,leicester
bham,birmingham
bmouth,bournemouth,bornemouth,bournmoutn,bmth
bris,bristol
uca,university for the creative arts
lse,london school of economics
lincs,lincoln
lshtm,london school of hygiene and tropical medicine
qmul,queen mary university of london
london met,london metropolitan
notts,nottingham
port,portsmouth
qub,queens university belfast
uwe,university of the west of england
worcs,worcester
umist,the university of manchester institute of science and technology
usw,university of south wales


# terms
RCT,randomised controlled trials,randomised clinical trials,randomized controlled trials,randomized clinical trials,randomised controlled trial,randomised clinical trial
multi-centre,multicentre

# abbreviations
BRC,Biomedical Research Centre
CRF,Clinical Research Facilities for Experimental Medicine
CRN,Clinical Research Network
CLAHRC,Collaborations for Leadership in Applied Health Research and Care
ECMC,Experimental Cancer Medicine Centre
MIC,MedTech and In Vitro Diagnostic Co-operative
HIC,Health Informatics Collaborative
PSTRC,Patient Safety Translational Research Centre
TRC,Translational Research Collaborattion

# first names
rory,ruairidh
abel,abe,eb,ebbie
abiel,ab
abigail,abby,gail
agatha,aggy
agnes,aggy
alan,al
albert,al,bert
alexander,alex,sandy
alexandra,alex,sandra,sandy
allan,al,alan,alen,allen
amanda,mandy
amelia,amy
andrew,andy,drew
ann,annie,anne
anthony,tony,antony
archibald,archie
augustus,gus
barbara,bab,babs
bartholomew,bart
beatrice,trisha,trish,trix,trixie
benedict,ben
benjamin,ben
bill,fred,william,willie
carolyn,carrie,caroline,carol,carole,cassie,carolann
cassandra,cassie,sandra,sandy
catherine,cathy,kathy,katy
cecilia,celia
cedric,ced
charles,charlie,charly
christina,chris
christopher,chris
clare,claire,clair
clifford,cliff,ford
curtis,curt
daniel,dan
david,dave
deborah,deb,debs,debbie,debra
dennis,denis
derrick,derick,derek
dominic,dom
donald,don,donnie,donny
dorothy,dot,dotty,dottie
edmond,edmund,ed
edward,ed,eddie,eddy,ned
elizabeth,liz,elisabeth,beth,betty,lizzie
francis,frank,frankie
franklin,fran
frederick,fred,frederik,freddy
geoffrey,geoff,jeff,jeffery,jeffrey
gerald,gerry,jerry
gerald,gerry,jerry
geraldine,dina
gill,gillian,jill
hannah,hanna
harold,harry
harriet,hattie
henrietta,nettie,netta
henry,harry
hubert,bert
ian,iain
isabel,issy,isabelle,izzy
jackie,jacqueline,jacquie
james,jamie,jim,jimmy
jane,jayne
janet,jan
jean,jeannie
jeanette,janet,jean
jennifer,jennie,jen,jenny
joanna,jo,joana,joan
john,johnny,jon,jonathan,jonothan
joseph,joe,joey
joshua,josh
judith,judy,jude
julia,julie
karen,karren,caron
karl,carl
katelin,katelyn
katherine,cathy,catherine,kathy,kate,kathryn
kenneth,ken,kenny
kim,kimberley
kris,chris
laurence,lawrence,larry
leonard,len,leo
lesley,leslie
lisa,liza
louisa,lou,louise
lucinda,cindy
madeline,maddy,maggie,maggy,marge
marjorie,margy
martin,martyn,marty
matthew,matt,mathew,mattie,matty
michael,mick,micky,mike
nancy,nan
nathaniel,nathanial
neil,neal
nicholas,nick
nicola,nicky,nichola
patricia,pat,tricia
patrick,paddy,pat
peter,pete
philip,phil,phillip
rachel,racheal,rachael
raymond,ray
rebecca,becky
reginald,reg
richard,dick,dickie,rich,rick
robert,bob,bobby,rob
rodger,roger
roxanna,roxana
russell,russ
sally, sallie
samuel,
samuel,sam,samantha,sammy
sandra,sandy
sarah,sara
sean,shaun,shawn
solomon,soloman
steven,steve,stephen
stuart,stu,stewart
susan,sue,susie,suzie
susannah,hannah,suzanne,suzanna
terence,terry
teresa,theresa
thomas,thom,tom,tommy
timothy,tim
valerie,val
victor,vic
victoria,vicki,vicky
walter,walt
william,bill,billy,will,willie,willy
winifred,winnie,winnifred

# Synonym for Mc and Mac and similar sounding surnames (taken from Reporting Warehouse names)
macaden,mcaden
macalister-smith,mcalister-smith
macallister,mcallister
macaluso,mcaluso
macandrew,mcandrew
macareavy,mcareavy
macarthur,mcarthur
macauley,mcauley
macbean,mcbean
macbeth,mcbeth
macbryde,mcbryde
maccabe,mccabe
maccallum,mccallum
maccalman,mccalman
maccarthy,mccarthy
maccormick,mccormick
maccullum,mccullum
macdiarmid,mcdiarmid
macdonagh,mcdonagh
macdonald,mcdonald
macdonnell,mcdonnell
macdougall,mcdougall
macdowall,mcdowall
maceachern,mceachern
macefield,mcefield
macerola,mcerola
macewan,mcewan,macewen,mcewen
macfadyen,mcfadyen
macfadzean,mcfadzean
macfarlane,mcfarlane
macfarlane-smith,mcfarlane-smith
macfaul,mcfaul
macfie,mcfie
macgilivray,mcgilivray,macgillivray,mcgillivray
macgowan,mcgowan
macgregor,mcgregor
macinnes,mcinnes,macinness,mcinness
macintosh,mcintosh
macintyre,mcintyre
macisaac,mcisaac
maciver,mciver
mackay,mckay
mackeith,mckeith
mackenney,mckenney
mackenzie,mckenzie
mackereth,mckereth
mackerness,mckerness
mackersie,mckersie
mackett,mckett
mackey,mckey
mackichan,mckichan
mackie,mckie
mackillop,mckillop
mackinlay,mckinlay
mackinnon,mckinnon
mackinson,mckinson
mackintosh,mckintosh
mackirdy,mckirdy
mackison,mckison
macklin,mcklin
macklon,mcklon
mackreth,mckreth
mackridge,mckridge
mackway-jones,mckway-jones
maclachlan,mclachlan
maclagan,mclagan
maclaren,mclaren
maclaughlin,mclaughlin
maclean,mclean
maclehose,mclehose
maclennan,mclennan
macleod,mcleod,macleod clark,mcleod clark,macloed,mcloed
maclullich,mclullich
maclure,mclure
macmahon,mcmahon
macmanus,mcmanus
macmaster,mcmaster
macmillan,mcmillan
macmorran,mcmorran
macmullen-price,mcmullen-price
macnab,mcnab
macnamara,mcnamara
macnaughtan,mcnaughtan,macnaughton,mcnaughton
macnee,mcnee
macneil,mcneil,macneill,mcneill
macnichol,mcnichol
macniven,mcniven
maconochie,mconochie
macphee,mcphee
macpherson,mcpherson
macphie,mcphie
macrae,mcrae
macraild,mcraild
macran,mcran
macrea,mcrea
macrobert,mcrobert
macrory,mcrory,macrury,mcrury
macsween,mcsween,macsweeney,mcsweeney
mactier,mctier
macvicar,mcvicar
macwalter,mcwalter
macwhinney,mcwhinney
mc laughlin,mclaughlin
mc naughton,mcnaughton
mc whinney,mcwhinney
mcadam,macadam
mcadoo,macadoo
mcalaney,macalaney
mcaleenan,macaleenan
mcalees,macalees,mcaleese,macaleese
mcalindon,macalindon
mcalister,macalister,mcallister,macallister,mcallister-williams,macallister-williams
mcalonan,macalonan
mcaloney,macaloney,mcaloney-kocaman,macaloney-kocaman
mcaloon,macaloon
mcalpine,macalpine
mcandrew,macandrew
mcanelly,macanelly
mcaneney,macaneney
mcanuff,macanuff
mcardle,macardle
mcaree,macaree
mcarthur,macarthur
mcartney,macartney
mcateer,macateer
mcauley,macauley
mcauliffe,macauliffe
mcavoy,macavoy
mcbain,macbain
mcbee,macbee
mcbeth,macbeth
mcbirnie,macbirnie
mcbratney,macbratney
mcbride,macbride,mcbryde,macbryde
mcburnie,macburnie
mccabe,maccabe
mccaddon,maccaddon
mccaffer,maccaffer
mccafferty,maccafferty
mccahon,maccahon
mccaie,maccaie
mccaig,maccaig
mccall,maccall
mccallum,maccallum
mccalmont,maccalmont
mccambridge,maccambridge
mccance,maccance
mccandless,maccandless
mccandlish,maccandlish
mccann,maccann
mccardle,maccardle
mccarney,maccarney
mccarroll,maccarroll
mccarron,maccarron
mccartan,maccartan
mccarter,maccarter
mccarthy,maccarthy
mccarthy-troke,maccarthy-troke
mccartney,maccartney
mccaskie,maccaskie
mccaughan,maccaughan
mccaughey,maccaughey
mccaul,maccaul
mccauley,maccauley
mccausland,maccausland
mccaw,maccaw
mcclafferty,macclafferty
mcclay,macclay
mcclean,macclean
mccleery,maccleery
mcclellan,macclellan,mcclelland,macclelland
mcclenaghan,macclenaghan,mcclenahan,macclenahan
mcclimens,macclimens
mcclintock,macclintock
mcclinton,macclinton
mccloskey,maccloskey
mccloughan,maccloughan
mccloughry,maccloughry
mccloy,maccloy
mccluggage,maccluggage
mcclune,macclune
mcclure,macclure
mcclurg,macclurg
mccluskey,maccluskey
mccoll,maccoll
mccollom,maccollom,mccollum,maccollum
mccomb,maccomb
mccombes,maccombes
mccombie,maccombie
mcconachie,macconachie
mcconkey,macconkey
mcconnachie,macconnachie
mcconnell,macconnell
mcconnon,macconnon
mcconochie,macconochie
mcconville,macconville
mcconway,macconway
mccool,maccool
mccooty,maccooty
mccord,maccord
mccorkell,maccorkell
mccorkindale,maccorkindale
mccormack,maccormack,mccormick,maccormick
mccorry,maccorry
mccoubrey,maccoubrey
mccoubrie,maccoubrie
mccourt,maccourt
mccowan,maccowan
mccoy,maccoy
mccracken,maccracken
mccrae,maccrae,mccray,maccray,mccrea,maccrea
mccready,maccready
mccreanor,maccreanor
mccreath,maccreath
mccree,maccree
mccreedy,maccreedy
mccrimmon,maccrimmon
mccririck,maccririck
mccrone,maccrone
mccrorie,maccrorie,mccrory,maccrory
mccrossan,maccrossan
mccruden,maccruden
mccrum,maccrum
mccudden,maccudden
mccue,maccue
mccullagh,maccullagh,mcculloch,macculloch,mccullough,maccullough
mccune,maccune
mccurry,maccurry
mccusker,maccusker
mccutcheon,maccutcheon
mcdade,macdade
mcdaid,macdaid
mcdermaid,macdermaid,mcdermid,macdermid
mcdermott,macdermott
mcdevitt,macdevitt
mcdonach,macdonach,mcdonagh,macdonagh
mcdonald kuhne,macdonald kuhne
mcdonald,macdonald
mcdonnell,macdonnell
mcdonough,macdonough
mcdougal,macdougal,mcdougall,macdougall
mcdowall,macdowall,mcdowell,macdowell
mceachan,maceachan,mceachran,maceachran
mceaney,maceaney
mceelroy,maceelroy
mceldowney,maceldowney
mceleney,maceleney
mcelligott,macelligott
mcelnay,macelnay
mcelroy,macelroy
mcelvenny,macelvenny
mcelwee,macelwee
mceneny,maceneny
mcenhill,macenhill
mceniery,maceniery
mcentagart,macentagart
mcentee,macentee
mcerlane,macerlane
mcevilly,macevilly
mcevoy,macevoy
mcewan,macewan,mcewen,macewen
mcfadden,macfadden,mcfadyen,macfadyen
mcfadzean,macfadzean
mcfarland,macfarland,mcfarlane,macfarlane
mcfee,macfee
mcfeeters,macfeeters
mcfetridge,macfetridge
mcgaffin,macgaffin
mcgahan,macgahan
mcgale,macgale
mcgarr,macgarr
mcgarrol,macgarrol
mcgarry,macgarry
mcgarvey,macgarvey
mcgaughey,macgaughey
mcgauley,macgauley
mcgavock,macgavock
mcgawley,macgawley
mcgee,macgee
mcgeechan,macgeechan,mcgeehan,macgeehan
mcgee-lennon,macgee-lennon
mcgeeney,macgeeney
mcgeer,macgeer
mcgeevor,macgeevor
mcgeoch,macgeoch
mcgeorge,macgeorge
mcgeough,macgeough
mcgeown,macgeown
mcghee,macghee
mcgibbon,macgibbon
mcgill,macgill
mcgilligan,macgilligan
mcgillion,macgillion
mcgilloway,macgilloway
mcgilp,macgilp
mcginley,macginley
mcginn,macginn
mcginnes,macginnes,mcginnis,macginnis
mcginty,macginty
mcgivern,macgivern
mcgiveron,macgiveron
mcglade,macglade
mcglashan,macglashan,mcglashon,macglashon
mcglinchey,macglinchey
mcgloin,macgloin,mcglone,macglone
mcgloughry,macgloughry
mcglynn,macglynn
mcgoldrick,macgoldrick
mcgonagle,macgonagle,mcgonigal,macgonigal,mcgonigle,macgonigle
mcgoogan,macgoogan
mcgorm,macgorm
mcgough,macgough
mcgoverin,macgoverin,mcgovern,macgovern
mcgowan,macgowan,mcgowen,macgowen
mcgrady,macgrady
mcgrail,macgrail
mcgrane,macgrane
mcgrath,macgrath
mcgraw,macgraw
mcgregor,macgregor,mcgregor-harper,macgregor-harper
mcgrory,macgrory
mcgrother,macgrother,mcgrouther,macgrouther,mcgrowther,macgrowther
mcguchan,macguchan
mcguff,macguff
mcguffie,macguffie
mcguigan,macguigan
mcguiness,macguiness,mcguinness,macguinness
mcguirck,macguirck,mcguirk,macguirk,mcgurk,macgurk
mcguire,macguire
mcgurn,macgurn
mchaffie,machaffie
mchale,machale
mchardy,machardy
mchattie,machattie
mchigh,machigh
mchugh,machugh
mcildowie,macildowie
mcilfatrick,macilfatrick
mcilhinney,macilhinney
mcilloney,macilloney
mcilwain,macilwain
mcindoe,macindoe
mcinnes,macinnes
mcintosh,macintosh
mcintyre,macintyre
mciver,maciver
mckane,mackane
mckay,mackay
mckeag,mackeag
mckean,mackean
mckeaveney,mackeaveney
mckechnie,mackechnie
mckee,mackee
mckeever,mackeever
mckeigue,mackeigue
mckeith,mackeith
mckell,mackell
mckelvey,mackelvey
mckelvey-martin,mackelvey-martin
mcken,macken
mckendrick,mackendrick
mckendry,mackendry
mckenna,mackenna
mckenniff,mackenniff
mckenzie smith,mackenzie smith
mckenzie,mackenzie
mckenzie-mcharg,mackenzie-mcharg
mckeon,mackeon,mckeown,mackeown
mckernon,mackernon
mckerr,mackerr
mckerrell,mackerrell
mckerrow,mackerrow
mckevitt,mackevitt
mckibben,mackibben,mckibbin,mackibbin
mckie,mackie
mckiernan,mackiernan
mckigen,mackigen
mckigney,mackigney
mckillop,mackillop
mckinlay,mackinlay,mckinley,mackinley
mckinney,mackinney
mckinnon,mackinnon
mckinstrie,mackinstrie
mckinstry,mackinstry
mcknight,macknight
mclachlan,maclachlan
mclafferty,maclafferty
mclaggan,maclaggan
mclaren,maclaren,mclaren-neil,maclaren-neil
mclarnon,maclarnon
mclauchlan,maclauchlan,mclauchlin,maclauchlin,mclaughlin,maclaughlin
mclay,maclay
mclean,maclean
mcleavy,macleavy
mcleer,macleer
mcleish,macleish
mclellan,maclellan,mclelland,maclelland
mclenachan,maclenachan
mclennan,maclennan
mcleod,macleod
mclernan,maclernan,mclernon,maclernon
mclinden,maclinden
mclintock,maclintock
mcloone,macloone
mclornan,maclornan
mcloughlin,macloughlin
mcluckie,macluckie
mclure,maclure
mcmahon allan,macmahon allan
mcmahon,macmahon
mcmanus,macmanus
mcmaster,macmaster
mcmeekin,macmeekin
mcmenamin,macmenamin,mcmenemin,macmenemin
mcmillan,macmillan
mcmorran,macmorran
mcmullan,macmullan,mcmullen,macmullen,mcmullin,macmullin
mcmurchie,macmurchie
mcmurdo,macmurdo
mcmurran,macmurran
mcmurray,macmurray
mcmyler,macmyler
mcnab,macnab
mcnabb,macnabb
mcnair,macnair
mcnall,macnall
mcnally,macnally
mcnamar,macnamar
mcnamara,macnamara
mcnamee,macnamee
mcnaney,macnaney
mcnarry,macnarry
mcnaught,macnaught
mcnaughton,macnaughton
mcneall,macneall
mcneice,macneice
mcneil,macneil,mcneill,macneill,mcneilly,macneilly
mcneish,macneish
mcnelly,macnelly
mcnichol,macnichol
mcnicholas,macnicholas
mcniven,macniven
mcnulty,macnulty
mcpake,macpake
mcparland,macparland,mcparlin,macparlin,mcpartland,macpartland,mcpartlin,macpartlin
mcpate,macpate
mcpeak,macpeak
mcphail,macphail
mcphee,macphee
mcphelim,macphelim
mcpherson,macpherson
mcphie,macphie
mcphillimy,macphillimy
mcquaker,macquaker
mcquarrie,macquarrie
mcquay,macquay
mcqueen,macqueen
mcquillin,macquillin,mcquilton,macquilton
mcquire,macquire
mcrae,macrae
mcriner,macriner
mcrobbie,macrobbie
mcroe,macroe
mcronald,macronald
mcrorie,macrorie
mcshane,macshane
mcsharry,macsharry,mcsherry,macsherry
mcsorely,macsorely,mcsorley,macsorley
mcsweeney,macsweeney
mcswiggan,macswiggan
mctaggart,mactaggart
mctavish,mactavish
mcveigh,macveigh,mcvey,macvey
mcvernon,macvernon
mcvey,macvey
mcvicar,macvicar,mcvicars,macvicars,mcvicker,macvicker
mcviety,macviety
mcwhinney,macwhinney,mcwhinnie,macwhinnie
mcwhirter,macwhirter
mcwilliam,macwilliam,mcwilliams,macwilliams

